,first_name,last_name
0,Brandy,Santen
1,Yetty,Praten
2,Iolanthe,Fattore
3,Gussi,Dixon
4,Sissie,Langfitt
5,,
6,Robinson,Hayball
7,Katey,Hursthouse
8,Katinka,Macewan
9,,
10,,
11,Skipp,Ludman
12,,
13,,
14,,
15,Susan,Gebhardt
16,Barbaraanne,Bolesworth
17,Clary,Lorroway
18,Lizzie,Langmead
19,,
20,Royall,McNulty
21,,
22,Steven,Henstridge
23,Audra,Jewer
24,Emanuele,Francisco
25,Pearline,MacGowan
26,Craig,Trebbett
27,Garreth,Durran
28,Chaunce,Gillan
29,Suzy,Dixcee
30,,
31,,
32,Wandis,Windram
33,Lynnell,Butts
34,,
35,Guillaume,Turland
36,Sullivan,Hannis
37,,
38,Georgine,D'Aubney
39,Fair,Morot
40,Joy,Skin
41,Aubert,Strood
42,Palm,MacVanamy
43,Marja,Fakes
44,Marris,Wanne
45,,
46,Rodrigo,Starcks
47,Lucho,Capron
48,Dorine,Wince
49,Martelle,McKelloch
50,Alayne,McNirlan
51,Milly,Connealy
52,,
53,Drugi,Manuely
54,Walsh,Allix
55,,
56,Melinde,Brodest
57,,
58,Lauraine,Corbould
59,Agneta,Thickett
60,Cary,Searles
61,,
62,Daven,Bruhnsen
63,Keven,Stroud
64,Elli,Iacomo
65,,
66,Claudette,Britt
67,Jacklyn,Bernard
68,Skipton,Iacovaccio
69,Annnora,Kochel
70,Cordie,Mashal
71,Pippo,Narey
72,Clarinda,Giacomasso
73,Daisi,Spennock
74,Lindy,Smoote
75,,
76,Angie,Collip
77,,
78,Alisander,Ashcroft
79,Letizia,Neeve
80,Ondrea,Chowne
81,Tamma,Prew
82,Caryl,Tyer
83,Lana,Ciardo
84,Antoine,Mariet
85,,
86,Brandise,Ranger
87,Ricoriki,Dowdney
88,Alie,Thiese
89,,
90,Harlen,Brugden
91,Hieronymus,Yearns
92,Nelly,Rouby
93,,
94,,
95,Karla,Newdick
96,,
97,,
98,Averil,Sketchley
99,,
100,Gardie,Mealand
101,,
102,Sibylla,Deniso
103,Northrup,Pittwood
104,,
105,Grete,Farncomb
106,Forrester,Staton
107,Adelind,Issitt
108,Fannie,Dene
109,Mack,Dunning
110,Matilde,Grelik
111,Corilla,Juster
112,Hayden,Sneezum
113,Shadow,Fulbrook
114,Thomasa,Ceeley
115,,
116,Rowan,Kee
117,Reggi,McSorley
118,Kaitlin,Flaubert
119,Maxie,Petrosian
120,Towney,Mattaus
121,Durante,Van Hault
122,Molli,Burgane
123,,
124,,
125,Mathilde,Farnie
126,Mohammed,Tumber
127,Corliss,Radband
128,,
129,Brien,Browncey
130,Fredrick,Leyton
131,,
132,Ketti,Stribling
133,Giovanni,Klesl
134,Marysa,Garriock
135,Georgetta,Dreamer
136,Britta,Overil
137,,
138,Hadleigh,Eglise
139,,
140,Saundra,Matkovic
141,Osborn,Normanell
142,Thurston,Sibly
143,Billy,Obal
144,Torrence,Lifsey
145,Agnesse,Dowsey
146,Godfry,Winsor
147,Shell,Gatchel
148,,
149,Vonny,Maeer
150,Tad,Jedrych
151,Remy,Piccard
152,Cthrine,Korneev
153,Sadie,Jzhakov
154,Pearl,Timny
155,Kimble,Colliard
156,Carlin,Durtnal
157,,
158,Tomasine,Helkin
159,,
160,,
161,Juieta,Raymont
162,Zarla,Pomphrey
163,Wendy,Spring
164,Padgett,Lupton
165,Carleton,Meineck
166,Betteanne,Gasker
167,,
168,,
169,,
170,Nickola,Pickering
171,Frank,Gibbons
172,,
173,Maxine,Shearmur
174,,
175,Halie,Chance
176,,
177,Munmro,Balk
178,,
179,,
180,Kalinda,Maybury
181,Westbrook,Smithe
182,Juliana,Stiles
183,Say,Vauls
184,Ara,Stores
185,Leslie,Bediss
186,Domini,Boustred
187,Stuart,Spendley
188,Marita,Daskiewicz
189,,
190,Hedwiga,Leafe
191,Lizabeth,Bice
192,Daune,Cotherill
193,Lillis,Guion
194,,
195,Salomone,Christley
196,,
197,Ossie,Behnecken
198,Maisey,Britton
199,Clywd,Paulo
200,Kalle,Cleaton
201,Lionello,Brimming
202,,
203,Bradly,Andreu
204,,
205,,
206,Shelden,Ambroziak
207,Kristina,Windle
208,Wade,Muffitt
209,Olenolin,Ganniclifft
210,Del,Halwell
211,Adriane,Potteridge
212,Myca,Carbry
213,Wait,Longworth
214,Kippy,Ducrow
215,Chanda,Skellion
216,Linet,Featherstone
217,Ginni,Costen
218,,
219,,
220,Tamera,Pallin
221,Ellswerth,Jakubowicz
222,Sonja,Lemmer
223,,
224,Winnie,Jude
225,Karl,Domsalla
226,Alicea,Camlin
227,Netty,Ogbourne
228,Pierre,Smorfit
229,,
230,Celie,Plank
231,Pauletta,Laurenceau
232,Jodee,Eastwood
233,Minnaminnie,Bradbury
234,Emogene,Farries
235,,
236,,
237,Ethelind,Kroch
238,,
239,,
240,Mano,Sappson
241,Laney,Stife
242,Hermine,Pollett
243,Patrice,Cattrall
244,,
245,,
246,,
247,Reina,Reuben
248,,
249,Rodie,Kairns
250,Loni,Alexandersen
251,Austen,Butterfield
252,Elvis,Bilbery
253,Myles,Blencoe
254,,
255,,
256,Lindsay,Everley
257,Mella,Burrage
258,Dolorita,Pattison
259,,
260,Dulcia,McCrachen
261,Daffy,Varley
262,,
263,Simmonds,Loder
264,,
265,Thekla,Eyrl
266,,
267,Zonnya,Deetch
268,,
269,Madonna,Franc
270,Allis,Carstairs
271,Nissa,Cartan
272,Cob,Enrico
273,Arlin,Helstrom
274,Ame,Stiven
275,Nehemiah,Ziemsen
276,Dorisa,Polding
277,Marc,Greystock
278,Kerrin,Davioud
279,Ax,Haselgrove
280,Jamima,Draxford
281,,
282,Vida,Meddick
283,,
284,Fawnia,Catcherside
285,Tresa,Lowater
286,Aline,Brewins
287,Winifield,Brecknell
288,Geneva,Robardet
289,,
290,Scott,Bolin
291,Boote,Roskruge
292,Christie,Pirnie
293,Sterling,Kittman
294,Tildie,Simeoli
295,Pippa,Bounds
296,Ardys,Tarbett
297,Sella,Boobyer
298,,
299,Casey,Howen
300,,
301,Jeremie,Bickersteth
302,Cissy,Mapston
303,,
304,Leola,Sieghard
305,Muhammad,Johl
306,Fidole,Mateo
307,Verina,Myles
308,Keven,Postians
309,Jamal,Batcock
310,Karola,Mohammed
311,Lemmie,Louys
312,Hanan,Parton
313,Klarrisa,Broxup
314,Elberta,Darleston
315,Daune,Klossmann
316,Kelvin,Skains
317,Giovanni,Beck
318,,
319,Franklin,Weekley
320,Abran,Koppke
321,,
322,Kylen,Belfitt
323,Waverly,Matchett
324,Zeb,Blomefield
325,,
326,Maddie,Storms
327,Kit,Tutin
328,,
329,Star,Ovize
330,Tod,Teaze
331,Vernen,Deaton
332,Cara,Totton
333,,
334,,
335,Jozef,Dugue
336,,
337,Drucie,Cosgriff
338,Ryan,Peller
339,,
340,Sharleen,Caseborne
341,Milka,Mardell
342,Dorelia,Diano
343,Konstance,Grout
344,,
345,Isidro,Yablsley
346,Salvador,Berriball
347,,
348,Martguerita,Jedrzejczyk
349,Cornell,Gueste
350,Sibeal,Inger
351,Darrick,Portwaine
352,Ariel,Harse
353,Merralee,Gerding
354,Ashley,Trodler
355,Zoe,McGriffin
356,Gerry,Flicker
357,,
358,Dennie,Olenchikov
359,Manon,Manners
360,Hurlee,Drewitt
361,Jeniffer,Croad
362,Kyla,Daw
363,Linnea,Clough
364,Raquela,Gierke
365,Charlene,Feechan
366,Maxwell,Slinger
367,,
368,,
369,Gerick,Medgwick
370,Kippy,Kingaby
371,,
372,,
373,,
374,Nikolaos,Matthieson
375,Palmer,Heighton
376,Collete,Jalland
377,,
378,Geoffrey,Marioneau
379,Shell,O'Kane
380,,
381,Cullie,Fagge
382,Melonie,Thurske
383,Maure,Blei
384,Kassandra,Millberg
385,Ariel,Craighall
386,Poppy,Laidlow
387,,
388,Merrill,Martinelli
389,Sheeree,Knibb
390,Wayland,Callaby
391,Ilka,Twitty
392,Patti,Tuhy
393,Magdaia,Nund
394,Caldwell,Kleinfeld
395,Risa,Benfield
396,Gonzales,Wathell
397,Joleen,Thomson
398,,
399,Val,Sussans
400,Andi,Kunes
401,Merrel,Bertelet
402,Fey,Connew
403,Gretel,Helder
404,Moria,Matthaus
405,Jarrod,Fursland
406,Gael,Gilberthorpe
407,,
408,Patty,Hassard
409,Bruno,Allenby
410,Selie,Sedger
411,Saleem,Konert
412,Cyndi,Micheu
413,Bernette,Wythe
414,Ania,Gaveltone
415,Alida,Fleeming
416,Alard,Visco
417,Sayre,Widmore
418,,
419,,
420,Gar,Lazer
421,,
422,Genni,Austin
423,Kaye,Dron
424,Sybyl,Swain
425,Calypso,Hurkett
426,Cris,O'Luby
427,Chrystal,Del Monte
428,Annabell,Orchart
429,Jeffrey,Babar
430,Latrina,Spering
431,Vicky,Doughartie
432,,
433,Brittani,Aveyard
434,Hercule,Parham
435,Geri,Bloodworth
436,Jackqueline,Gillis
437,Cale,Nowill
438,Ede,Polet
439,Ailee,Birtle
440,Amanda,Hutson
441,,
442,Mycah,Joseff
443,King,Fellman
444,Jo,Strodder
445,Cecilia,Gianolo
446,Alvy,Suffield
447,Antoni,Blaydon
448,Dimitri,Beeke
449,Darcie,Folliss
450,Ernest,Dikles
451,,
452,,
453,,
454,Alan,Tchaikovsky
455,Mommy,Deniseau
456,,
457,Alexina,Lynnett
458,Milissent,Perrins
459,,
460,Johna,Widocks
461,Bernie,McAnellye
462,Tiebold,Simmins
463,Renell,Wrist
464,Lea,Lambard
465,,
466,Arnie,Pickworth
467,Cleve,Wilbor
468,,
469,Antonino,Duprey
470,Evelin,Koubu
471,,
472,Orelia,Aizic
473,Betty,Nunnerley
474,Mahmoud,Emmatt
475,Helyn,Hintzer
476,Emmalyn,Culmer
477,Babita,Alpes
478,Skipper,Mechem
479,Raynor,Micheu
480,Frank,Lowrance
481,Ashlen,Minot
482,Anatole,Pirelli
483,,
484,Hogan,Diprose
485,Nana,Blades
486,Nora,Schulze
487,Benedetta,Apfler
488,,
489,Sanders,Scoyles
490,Ludvig,Bazelle
491,Janek,Dowears
492,Aloysius,Bratch
493,Raddy,Marquot
494,Jarrett,Chessor
495,,
496,Ronda,Hedden
497,Kelsy,Westcar
498,Rab,Daveridge
499,Gualterio,Hepher
500,,
501,Cristen,Copas
502,Karlan,Hallgalley
503,Bancroft,McArthur
504,Ronnie,Alexandrescu
505,Marybeth,Walsh
506,Feodor,Frank
507,Nicholle,Davidsson
508,Ravi,Rubert
509,Barnabe,Prestige
510,Odelia,Rizziello
511,Moise,Lamborne
512,Auria,Baxandall
513,Kayla,Mauditt
514,Micheal,Gilliatt
515,Avril,Alcido
516,Jervis,Dessant
517,Maddi,Haversum
518,Dianemarie,Vice
519,Gracia,Mix
520,Laurianne,Brugden
521,Clarinda,Eloi
522,Nanine,Maxwale
523,Stoddard,Dalgarnowch
524,Anny,Getsham
525,Nanette,Pentelow
526,,
527,,
528,,
529,Alfonse,Hartnup
530,Gasparo,Juszczak
531,,
532,,
533,,
534,Carrie,Rowaszkiewicz
535,Harvey,Grigorian
536,,
537,Kyla,Arnald
538,Giuditta,Filoniere
539,,
540,Shelby,Maykin
541,Bert,Enoch
542,Eydie,Grumley
543,Bernarr,Melson
544,Rozanne,Cockton
545,Emera,Sogg
546,,
547,Melisandra,Wills
548,Erroll,Grigolon
549,Mahmud,Englishby
550,Sheri,Helin
551,Hyacinthe,Brisley
552,Evelyn,Fance
553,Hugh,Broadis
554,Allys,Cuerda
555,Rhett,Middlebrook
556,,
557,,
558,Lizbeth,Thacker
559,,
560,Darbee,O' Mulderrig
561,Robby,Idill
562,Dyann,Bodemeaid
563,,
564,Kimbra,Vanyarkin
565,,
566,Kathlin,Stribbling
567,Cheryl,Cawston
568,,
569,Chlo,Meiner
570,Jessalin,Bew
571,Alwyn,Steuhlmeyer
572,Rani,Feldklein
573,Maxy,Loadwick
574,Duff,Netti
575,,
576,,
577,,
578,,
579,Hamnet,Drillot
580,Margie,Russell
581,Stacie,Pickthall
582,Shelby,Dilliston
583,Kermy,Jewks
584,Anestassia,Sayle
585,Cherrita,Papis
586,,
587,Etienne,Heino
588,Steffen,Finlayson
589,Artemus,Bootherstone
590,Rock,Dunkerly
591,Sonny,Bodleigh
592,Mureil,Townsend
593,Anica,Poller
594,,
595,Wynny,Turford
596,Bessie,Tapin
597,Skyler,Challice
598,,
599,Lawrence,Olechnowicz
600,Kamillah,Shipway
601,Daron,Botfield
602,Filberte,Goldney
603,Emery,Korbmaker
604,Fay,Larway
605,Corrie,Ebenezer
606,Isiahi,Hannabuss
607,,
608,Cally,Ballister
609,Bentlee,Cron
610,Elberta,Kielt
611,Leif,Deshorts
612,Cameron,Meus
613,Cazzie,Peniello
614,Aviva,Langelay
615,Marsiella,Idiens
616,Delphinia,Spearman
617,Artemus,Deer
618,Isahella,Peterken
619,Katrinka,Brizell
620,Findley,Marler
621,,
622,,
623,Cletis,Cardillo
624,Paulita,Antley
625,Quentin,Turfes
626,,
627,Charlena,Greim
628,Rodrique,Newman
629,,
630,Hanson,Pleven
631,Sergeant,Baldini
632,Shanda,Kimbrough
633,Roseline,Eburne
634,Antin,Dancer
635,Gerrie,Glanert
636,Jessica,Cheetham
637,Gannie,Lauchlan
638,,
639,Griff,Brunke
640,Foss,Pougher
641,Rosalinda,Cowles
642,,
643,,
644,Joelly,Caudray
645,Jerrilyn,Sansum
646,Marty,Jayume
647,Christabella,Chazelle
648,Carmela,Venny
649,Guthrie,Dendle
650,,
651,Washington,Laughrey
652,Addie,Mattea
653,Hill,Stanion
654,Eden,Arman
655,Freda,Beaven
656,Estevan,Pally
657,,
658,Georgianne,Percifer
659,Karie,Paulton
660,Romeo,Rhodef
661,Tiff,Erskin
662,Harv,Slesser
663,Micah,Osmund
664,Con,Dominetti
665,,
666,Lynnea,Marritt
667,,
668,Charlean,Prigg
669,Grata,Settle
670,Alvera,Brashaw
671,Malissa,Tolotti
672,,
673,Fan,Dole
674,Farlay,Sallings
675,Traver,Ivankov
676,Luciana,Bentke
677,,
678,,
679,Krystle,Barts
680,Obadias,McCrohon
681,Mikol,Hubbucke
682,,
683,Gilda,Lifton
684,Judye,Rallin
685,Jakie,Dron
686,Eden,Garmans
687,,
688,,
689,,
690,Ernest,Preshous
691,Olivia,Faust
692,Stevy,Cruddace
693,Reamonn,Lemar
694,,
695,Roseanna,Richt
696,Amitie,Eighteen
697,,
698,,
699,Jonis,Horney
700,Stafford,Tailby
701,,
702,,
703,Friedrick,Farlham
704,Lucian,Di Bartolommeo
705,Katey,McKellar
706,Reba,Byer
707,,
708,Datha,Reisk
709,Lalo,Volante
710,Lynda,Chanson
711,Abagail,Flade
712,,
713,Gannie,Marke
714,Orbadiah,Clearie
715,Letti,Karolyi
716,Valentina,Cruikshanks
717,Evvie,Wrotchford
718,Theo,Drains
719,,
720,,
721,,
722,Levy,Blackaller
723,Chiquita,Cawthera
724,,
725,,
726,Gates,Phillcock
727,,
728,Otho,Croyser
729,Nobie,Akenhead
730,Auroora,Ixor
731,,
732,,
733,,
734,Aleece,Petri
735,Arlan,Frayne
736,Marilin,Armal
737,Isis,Sarney
738,Quint,Jurisch
739,Deerdre,Yurikov
740,Glen,Lucio
741,Daron,Collip
742,Lynn,Buglass
743,Rand,Kestell
744,Florence,Heinke
745,Oneida,Line
746,,
747,,
748,Fayth,Hiscoe
749,Abbott,O'Ferris
750,Padgett,Fosten
751,,
752,,
753,Harri,Norville
754,Gus,Hoppner
755,Francis,McCrum
756,Marjory,Blench
757,Vikki,Gosnell
758,Kathie,Ivannikov
759,Patty,Ashburner
760,Barton,Olennikov
761,Kai,Dmitriev
762,Rasla,Robinson
763,Binky,Phythean
764,,
765,Clayton,Longlands
766,Sid,Melan
767,,
768,Annabela,Lambert-Ciorwyn
769,,
770,Philipa,Kirman
771,Brannon,Renshell
772,,
773,Hally,Grabbam
774,,
775,Gideon,Bolitho
776,Dieter,Carlsen
777,Dorisa,Levane
778,Brianna,Sergison
779,Masha,Novacek
780,,
781,Judon,Juste
782,,
783,Wandie,Fitzroy
784,Rolf,Booler
785,Tine,Artin
786,,
787,Malena,Phelips
788,Kim,Rizzardi
789,Charline,Lowater
790,,
791,,
792,Daren,Habbeshaw
793,Bondie,Garrud
794,,
795,Willdon,O'Luney
796,Chico,Brasse
797,Reggy,Birchill
798,Christean,Scanderet
799,Kelcey,Sheron
800,,
801,Myles,Tooher
802,Dee,Merington
803,Emmit,Butten
804,Elly,Bellord
805,,
806,Art,Skelbeck
807,,
808,Liv,Farahar
809,,
810,Lolly,Bugden
811,Lawton,Feaveer
812,Aila,Leare
813,Hanan,Stepto
814,Ebony,Cappineer
815,Wait,Trinkwon
816,Manon,Pelzer
817,Marc,Rendbaek
818,Norina,Vockins
819,Torrence,Kalinsky
820,,
821,Aime,Whiteford
822,Leanora,Tue
823,,
824,Vivienne,Buckby
825,Gabriell,Frier
826,Wallie,Laffranconi
827,Clemmie,Lucks
828,Bernhard,Maseres
829,Rita,Conwell
830,Frasquito,Francillo
831,Agnella,Skene
832,Murielle,Domican
833,Harris,Pinchin
834,Kylie,Evreux
835,Demetri,Mc Corley
836,,
837,Christoper,Ratnage
838,Barbette,Bradnam
839,Kippie,Weatherup
840,,
841,,
842,Lazarus,Swabey
843,Brew,Sibun
844,Abbe,McGiven
845,,
846,Sven,Vedenyapin
847,Chrisy,Ballintyne
848,Neilla,Hurcombe
849,Peria,Gegg
850,Gaylene,Leipelt
851,Billy,Shoppee
852,,
853,Britte,Frankom
854,,
855,Tuck,Rylatt
856,Aldon,Frensch
857,Chaddie,Wilcocke
858,Chrystel,Bantham
859,Tremaine,Beacon
860,,
861,,
862,,
863,Ev,Mathissen
864,,
865,Paige,Cawdron
866,Elsy,Euesden
867,Bobbie,Manginot
868,Savina,Burr
869,,
870,Jenn,Lambert
871,Natty,Bumpas
872,,
873,Freda,Winmill
874,Pippa,Adamowicz
875,Dodi,Josh
876,Cristy,Dobrovolny
877,,
878,,
879,Friederike,Blabber
880,Lewes,Leall
881,Tim,Boost
882,,
883,Amil,Kiehl
884,Purcell,Crome
885,Bordy,Hay
886,Henry,Hidderley
887,Cleavland,Vasilchenko
888,Livy,Luther
889,,
890,Ulrich,Rubinovitsch
891,Dreddy,Ruzicka
892,,
893,Starla,Maciak
894,Ana,Hub
895,Ortensia,Braywood
896,Mark,Escot
897,,
898,Rafaelita,Stoffers
899,Nikolaos,Ellyatt
900,Vere,Ramsey
901,Jarrad,McLarty
902,L;urette,Bellworthy
903,Phyllida,Northedge
904,Dimitry,Shrigley
905,Elias,Lardnar
906,Devondra,Atthowe
907,Tedd,Derrington
908,Radcliffe,Wright
909,Dulcie,Priddey
910,Mattie,Laurand
911,,
912,,
913,,
914,,
915,Ephraim,Kupec
916,Leeanne,Exeter
917,Gaby,Stanyforth
918,Sig,Bellino
919,Diana,Painter
920,Ellis,Craghead
921,Bartel,Gilardengo
922,Lebbie,Gallant
923,,
924,Gale,Berkley
925,Terrel,Bachshell
926,Janice,Firidolfi
927,Marwin,Cowderoy
928,Caz,Balint
929,Ozzie,Huish
930,Valencia,Renouf
931,Arri,Hebbard
932,Valentijn,Cayette
933,Skelly,Dufore
934,Phil,Helliwell
935,,
936,Palmer,de Savery
937,Ky,Brummell
938,Coretta,Andreassen
939,Becky,Radolf
940,,
941,Phillipp,Gration
942,,
943,Louie,Dussy
944,Clerissa,Geraghty
945,Morgana,Hughson
946,Miranda,Behning
947,Vassily,Yggo
948,Maynord,Mirfield
949,Edgard,Oliffe
950,Elmo,Oxborough
951,Bourke,Kalinsky
952,Chrisy,Sell
953,Kylen,Stanyard
954,Elden,Pitblado
955,Barris,Downes
956,Rochette,Wimsett
957,Opaline,Lyburn
958,Abeu,Hammatt
959,Simonne,Scamp
960,Jason,Luberto
961,,
962,Roth,Cordero
963,,
964,Gilli,Sarfat
965,Maybelle,McGillecole
966,Jobye,Paeckmeyer
967,,
968,Clarey,Westley
969,,
970,Andre,Collett
971,,
972,Deedee,Reaman
973,Ingrid,Paine
974,Glen,Prescot
975,Othella,Condliffe
976,Marlon,Mingasson
977,,
978,Charles,McTear
979,Leanor,Mathwen
980,Josee,Pennacci
981,Jud,Grigolli
982,Scarlett,Stuckford
983,Sondra,Speerman
984,Nerita,Youings
985,Sharron,Dottrell
986,,
987,Gisele,Feake
988,Gleda,Tilt
989,Alphonse,Fortesquieu
990,,
991,Monti,Smyth
992,Flory,Emmens
993,,
994,,
995,Lib,Pantecost
996,Raymund,Ginni
997,Roddie,Justice
998,Hortensia,Milnthorpe
999,Brig,Pycock
